player,nation,primary_position,secondary_position,squad,age,born,90s_played,minutes_played,tackles,tackles_won,dribblers_tackled,dribblers_challenged,percent_of_dribblers_successfully_tackled,unsuccessful_dribble_challenges,blocks,shots_blocked,passes_blocked,interceptions,tkl_plus_int,clearances,errors,aerials_won,aerials_lost,won_percent,passes_att,passes_cmp,pass_cmp_percent,gross_weekly_wages_usd,gross_yearly_wages_usd,team_possession_percentage
"Aaron Martin",ESP,DF,-,Genoa,26,1997,15.30,1377,21,10,9,22,40.90,13,12,4,8,9,30,15,0,8,11,42.10,619,431,69.60,25353.00,1318400.00,44.13
"Adam Marusic",MNE,DF,-,Lazio,30,1992,34.40,3096,45,31,27,49,55.10,22,27,7,20,29,74,63,2,32,33,49.20,1880,1560,83.00,80617.00,4192100.00,52.82
"Adrien Tameze",CMR,DF,MF,Torino,29,1994,23.80,2142,35,16,18,37,48.60,19,24,11,13,47,82,25,2,30,39,43.50,1276,1106,86.70,25353.00,1318400.00,51.97
"Alberto Dossena",ITA,DF,-,Cagliari,24,1998,33.10,2979,55,35,32,48,66.70,16,50,27,23,45,100,172,2,118,68,63.40,1305,1042,79.80,14658.00,762200.00,42.05
"Alessandro Bastoni",ITA,DF,-,Inter,24,1999,25.20,2268,46,33,26,40,65.00,14,25,11,14,23,69,48,1,37,29,56.10,1935,1671,86.40,201841.00,10495700.00,57.11
"Alessandro Buongiorno",ITA,DF,-,Torino,24,1999,28.10,2529,70,39,24,34,70.60,10,20,12,8,69,139,131,0,78,53,59.50,1187,1012,85.30,29316.00,1524400.00,51.97
"Alessandro Florenzi",ITA,DF,-,Milan,32,1991,19.20,1728,43,21,26,48,54.20,22,16,9,7,20,63,25,1,7,17,29.20,1277,1055,82.60,110131.00,5726800.00,57.21
"Alessandro Vogliacco",ITA,DF,-,Genoa,24,1998,13.00,1170,23,15,12,15,80.00,3,16,10,6,30,53,40,1,25,21,54.30,626,494,78.90,3764.00,195700.00,44.13
"Alessio Romagnoli",ITA,DF,-,Lazio,28,1995,26.80,2412,25,18,16,24,66.70,8,29,17,12,29,54,115,0,76,54,58.50,1759,1604,91.20,102802.00,5345700.00,52.82
"Amir Rrahmani",KVX,DF,-,Napoli,29,1994,28.90,2601,33,27,16,32,50.00,16,24,10,14,20,53,90,0,79,46,63.20,2255,2028,89.90,63583.00,3306300.00,61.24
"Andrea Cambiaso",ITA,DF,FW,Juventus,23,2000,26.40,2376,47,30,25,43,58.10,18,28,3,25,11,58,26,1,13,16,44.80,1207,1007,83.40,87947.00,4573200.00,48.47
"Andrea Carboni",ITA,DF,-,Monza,22,2001,16.50,1485,38,22,20,31,64.50,11,23,13,10,17,55,56,1,21,17,55.30,976,833,85.30,18422.00,957900.00,53.39
Angelino,ESP,DF,-,Roma,26,1997,12.70,1143,21,11,11,19,57.90,8,11,5,6,12,33,37,1,15,9,62.50,715,546,76.40,39616.00,2060000.00,54.84
"Anthony Oyono",GAB,DF,-,Frosinone,22,2001,13.30,1197,37,26,23,34,67.60,11,17,3,14,9,46,32,0,13,9,59.10,621,518,83.40,6933.00,360500.00,49.68
"Antonino Gallo",ITA,DF,-,Lecce,23,2000,27.70,2493,43,27,31,49,63.30,18,34,9,25,25,68,67,0,25,33,43.10,1408,995,70.70,19016.00,988800.00,45.05
"Ardian Ismajli",ALB,DF,-,Empoli,26,1996,22.70,2043,26,16,18,23,78.30,5,28,17,11,23,49,126,1,52,39,57.10,1042,864,82.90,17827.00,927000.00,44
"Armando Izzo",ITA,DF,-,Monza,31,1992,18.30,1647,27,17,16,27,59.30,11,20,16,4,27,54,49,1,19,20,48.70,1235,1122,90.90,62394.00,3244500.00,53.39
"Bartosz Bereszynski",POL,DF,-,Empoli,31,1992,19.60,1764,41,25,24,40,60.00,16,22,10,12,21,62,52,0,23,16,59.00,867,673,77.60,16441.00,854900.00,44
"Benjamin Pavard",FRA,DF,-,Inter,27,1996,18.60,1674,34,21,20,24,83.30,4,25,15,10,32,66,44,1,35,27,56.50,1308,1180,90.20,126967.00,6602300.00,57.11
"Berat Djimsiti",ALB,DF,-,Atalanta,30,1993,31.50,2835,42,24,19,31,61.30,12,53,33,20,57,99,100,0,92,55,62.60,1661,1454,87.50,29316.00,1524400.00,51.11
"Bryan Cristante",ITA,MF,DF,Roma,28,1995,36.50,3285,72,41,28,50,56.00,22,36,6,30,25,97,55,2,82,60,57.70,2178,1785,82.00,102802.00,5345700.00,54.84
"Caleb Okoli",ITA,DF,-,Frosinone,22,2001,32.40,2916,56,34,29,44,65.90,15,48,32,16,29,85,156,4,74,59,55.60,1720,1407,81.80,20600.00,1071200.00,49.68
"Carlos Augusto",BRA,DF,-,Inter,24,1999,19.20,1728,29,21,15,22,68.20,7,20,8,12,16,45,52,0,59,26,69.40,1099,921,83.80,55858.00,2904600.00,57.11
"Cristiano Biraghi",ITA,DF,-,Fiorentina,30,1992,26.20,2358,47,28,28,52,53.80,24,30,5,25,14,61,43,0,8,12,40.00,1842,1388,75.40,62394.00,3244500.00,57.58
"Daniele Rugani",ITA,DF,-,Juventus,29,1994,13.20,1188,11,9,4,5,80.00,1,11,4,7,9,20,42,0,25,24,51.00,636,564,88.70,73289.00,3811000.00,48.47
Danilo,BRA,DF,-,Juventus,32,1991,27.20,2448,60,36,32,48,66.70,16,34,15,19,37,97,94,0,37,27,57.80,1849,1591,86.00,101614.00,5283900.00,48.47
"Danilo D'Ambrosio",ITA,DF,-,Monza,34,1988,17.10,1539,57,34,28,41,68.30,13,22,13,9,14,71,31,0,27,20,57.40,1095,979,89.40,36644.00,1905500.00,53.39
"Davide Calabria",ITA,DF,-,Milan,26,1996,24.30,2187,70,38,44,72,61.10,28,26,7,19,24,94,49,1,12,27,30.80,1541,1320,85.70,73289.00,3811000.00,57.21
"Davide Zappacosta",ITA,DF,-,Atalanta,31,1992,20.70,1863,30,20,16,34,47.10,18,29,4,25,5,35,19,0,9,13,40.90,1049,881,84.00,33078.00,1720100.00,51.11
"Denzel Dumfries",NED,DF,-,Inter,27,1996,18.20,1638,22,13,9,23,39.10,14,15,6,9,12,34,33,1,36,18,66.70,801,614,76.70,63583.00,3306300.00,57.11
"Diego Coppola",ITA,DF,-,"Hellas Verona",19,2003,18.20,1638,36,22,20,33,60.60,13,26,9,17,27,63,89,1,82,47,63.60,718,555,77.30,9111.00,473800.00,44.21
"Diego Llorente",ESP,DF,-,Roma,29,1993,24.10,2169,31,19,11,24,45.80,13,40,27,13,22,53,79,0,43,50,46.20,1648,1501,91.10,68534.00,3563800.00,54.84
"Domagoj Bradaric",CRO,DF,-,Salernitana,23,1999,30.50,2745,29,20,15,25,60.00,10,22,7,15,32,61,62,1,23,28,45.10,1536,1184,77.10,25353.00,1318400.00,44.45
"Elseid Hysaj",ALB,DF,-,Lazio,29,1994,13.30,1197,24,14,15,24,62.50,9,16,6,10,17,41,31,0,14,13,51.90,850,713,83.90,80617.00,4192100.00,52.82
"Emanuele Valeri",ITA,DF,-,Frosinone,24,1998,13.10,1179,19,16,10,21,47.60,11,14,3,11,9,28,22,0,9,9,50.00,560,341,60.90,7328.00,381100.00,49.68
"Emmanuel Gyasi",GHA,DF,FW,Empoli,29,1994,20.90,1881,34,17,15,32,46.90,17,30,12,18,5,39,27,1,17,37,31.50,550,412,74.90,21986.00,1143300.00,44
"Fabiano Parisi",ITA,DF,-,Fiorentina,22,2000,16.20,1458,30,15,15,26,57.70,11,21,5,16,17,47,26,0,24,20,54.50,1001,830,82.90,55066.00,2863400.00,57.58
"Federico Baschirotto",ITA,DF,-,Lecce,26,1996,36.60,3294,21,12,8,15,53.30,7,42,26,16,23,44,144,1,93,70,57.10,1808,1516,83.80,21986.00,1143300.00,45.05
"Federico Dimarco",ITA,DF,-,Inter,25,1997,23.10,2079,42,25,17,35,48.60,18,18,3,15,9,51,34,1,6,9,40.00,1328,1027,77.30,128353.00,6674400.00,57.11
"Federico Fazio",ARG,DF,-,Salernitana,36,1987,15.10,1359,18,11,8,14,57.10,6,22,19,3,17,35,99,1,50,21,70.40,587,440,75.00,91709.00,4768900.00,44.45
"Federico Gatti",ITA,DF,-,Juventus,25,1998,29.30,2637,33,19,19,24,79.20,5,26,15,11,19,52,90,1,50,31,61.70,1370,1166,85.10,51302.00,2667700.00,48.47
"Festy Ebosele",IRL,DF,-,Udinese,20,2002,18.90,1701,33,20,21,35,60.00,14,33,2,31,10,43,27,0,16,18,47.10,419,278,66.30,4556.00,236900.00,39
"Fikayo Tomori",ENG,DF,-,Milan,25,1997,23.60,2124,42,24,18,29,62.10,11,34,23,11,26,68,75,1,29,26,52.70,1691,1541,91.10,88936.00,4624700.00,57.21
"Filip Kostic",SRB,DF,-,Juventus,30,1992,20.20,1818,37,23,17,33,51.50,16,29,8,21,9,46,43,0,11,17,39.30,997,726,72.80,63583.00,3306300.00,48.47
"Filippo Terracciano",ITA,DF,-,"Hellas Verona | Milan",20,2003,15.20,1368,32,21,18,34,52.90,16,27,6,21,20,52,18,0,19,18,51.40,753,545,72.40,32683.00,1699500.00,44.21
"Francesco Acerbi",ITA,DF,-,Inter,35,1988,26.50,2385,22,13,11,14,78.60,3,20,13,7,32,54,77,1,70,37,65.40,1781,1615,90.70,55066.00,2863400.00,57.11
"Francesco Gelli",ITA,MF,DF,Frosinone,26,1996,17.30,1557,19,13,10,24,41.70,14,19,3,16,11,30,27,1,15,16,48.40,743,604,81.30,14261.00,741600.00,49.68
"Gabriele Zappa",ITA,DF,-,Cagliari,23,1999,28.50,2565,54,31,29,41,70.70,12,29,5,24,20,74,75,2,19,32,37.30,1397,1024,73.30,11092.00,576800.00,42.05
"Gian Marco Ferrari",ITA,DF,-,Sassuolo,31,1992,25.20,2268,22,10,12,18,66.70,6,28,17,11,25,47,76,0,39,38,50.60,1300,1073,82.50,21986.00,1143300.00,43.82
"Giangiacomo Magnani",ITA,DF,-,"Hellas Verona",27,1995,27.20,2448,33,18,15,25,60.00,10,50,28,22,45,78,118,0,45,37,54.90,994,785,79.00,21986.00,1143300.00,44.21
"Gianluca Mancini",ITA,DF,-,Roma,27,1996,31.90,2871,34,20,11,27,40.70,16,38,26,12,36,70,77,1,42,33,56.00,2011,1744,86.70,128353.00,6674400.00,54.84
"Giorgio Scalvini",ITA,DF,-,Atalanta,19,2003,28.30,2547,53,33,19,40,47.50,21,44,17,27,59,112,71,0,80,40,66.70,1564,1272,81.30,11092.00,576800.00,51.11
"Giorgos Kyriakopoulos",GRE,DF,-,Monza,27,1996,19.00,1710,19,10,11,24,45.80,13,18,1,17,13,32,28,0,12,20,37.50,1080,891,82.50,10102.00,525300.00,53.39
"Giovanni Di Lorenzo",ITA,DF,-,Napoli,29,1993,35.90,3231,58,36,32,68,47.10,36,43,16,27,24,82,45,0,27,39,40.90,2732,2314,84.70,110131.00,5726800.00,61.24
"Gleison Bremer",BRA,DF,-,Juventus,26,1997,35.90,3231,58,42,21,29,72.40,8,45,27,18,40,98,147,0,102,56,64.60,1930,1661,86.10,183419.00,9537800.00,48.47
"Grigoris Kastanos",CYP,MF,DF,Salernitana,25,1998,16.40,1476,23,14,9,20,45.00,11,13,4,9,8,31,9,0,24,36,40.00,650,458,70.50,3764.00,195700.00,44.45
"Hassane Kamara",CIV,DF,-,Udinese,29,1994,24.70,2223,45,32,25,38,65.80,13,29,2,27,26,71,66,0,16,14,53.30,818,600,73.30,22778.00,1184500.00,39
"Ilario Monterisi",ITA,DF,-,Frosinone,21,2001,16.30,1467,23,13,12,26,46.20,14,22,18,4,8,31,63,0,41,28,59.40,997,802,80.40,6536.00,339900.00,49.68
"Isak Hien",SWE,DF,-,"Hellas Verona | Atalanta",24,1999,20.00,1800,35,22,17,34,50.00,17,24,10,14,21,56,66,1,70,39,64.20,866,741,85.60,48331.00,2513200.00,47.66
"Jackson Tchatchoua",CMR,DF,-,"Hellas Verona",21,2001,19.20,1728,39,26,23,48,47.90,25,17,7,10,23,62,49,2,13,13,50.00,799,604,75.60,8914.00,463500.00,44.21
"Jaka Bijol",SVN,DF,-,Udinese,24,1999,23.20,2088,43,27,22,35,62.90,13,36,21,15,23,66,140,1,84,26,76.40,822,645,78.50,20402.00,1060900.00,39
"Jeremy Toljan",GER,DF,-,Sassuolo,28,1994,23.10,2079,13,10,9,15,60.00,6,17,5,12,16,29,49,1,9,16,36.00,1007,775,77.00,17827.00,927000.00,43.82
"Jhon Lucumi",COL,DF,-,Bologna,25,1998,24.60,2214,48,29,27,36,75.00,9,32,17,15,16,64,68,2,29,28,50.90,1857,1734,93.40,19016.00,988800.00,57.87
"Joao Ferreira",POR,DF,-,Udinese,22,2001,20.20,1818,58,42,34,58,58.60,24,27,6,21,29,87,89,0,18,14,56.30,858,649,75.60,4556.00,236900.00,39
"Johan Vasquez",MEX,DF,-,Genoa,24,1998,31.70,2853,51,33,32,50,64.00,18,50,26,24,45,96,113,0,77,55,58.30,1394,1069,76.70,20402.00,1060900.00,44.13
"Josh Doig",SCO,DF,-,"Hellas Verona | Sassuolo",21,2002,24.10,2169,41,26,28,44,63.60,16,43,13,30,20,61,55,1,20,21,48.80,929,655,70.50,43181.00,2245400.00,44.06
"Juan David Cabal",COL,DF,-,"Hellas Verona",22,2001,16.60,1494,36,27,18,29,62.10,11,30,9,21,26,62,55,2,58,21,73.40,790,561,71.00,12875.00,669500.00,44.21
"Juan Jesus",BRA,DF,-,Napoli,32,1991,23.50,2115,42,19,23,33,69.70,10,23,12,11,23,65,67,1,47,47,50.00,1709,1547,90.50,36644.00,1905500.00,61.24
"Koni De Winter",BEL,DF,-,Genoa,21,2002,26.40,2376,44,25,21,31,67.70,10,30,10,20,21,65,78,0,58,38,60.40,1269,1122,88.40,14658.00,762200.00,44.13
"Leo Skiri Ostigard",NOR,DF,-,Napoli,23,1999,18.10,1629,24,12,6,11,54.50,5,18,12,6,16,40,65,0,58,25,69.90,1339,1172,87.50,30503.00,1586200.00,61.24
"Leonardo Spinazzola",ITA,DF,-,Roma,30,1993,14.60,1314,15,7,8,18,44.40,10,8,2,6,3,18,15,0,6,6,50.00,849,663,78.10,110131.00,5726800.00,54.84
"Liberato Cacace",NZL,DF,-,Empoli,22,2000,21.20,1908,40,24,24,38,63.20,14,23,6,17,19,59,56,0,17,22,43.60,1110,832,75.00,6339.00,329600.00,44
"Lorenzo Pirola",ITA,DF,-,Salernitana,21,2002,22.10,1989,39,23,15,28,53.60,13,46,30,16,25,64,93,1,58,35,62.40,1040,868,83.50,11092.00,576800.00,44.45
"Luca Caldirola",ITA,DF,-,Monza,32,1991,23.80,2142,25,14,13,22,59.10,9,26,17,9,29,54,53,0,30,23,56.60,1374,1247,90.80,24958.00,1297800.00,53.39
"Luca Ranieri",ITA,DF,-,Fiorentina,24,1999,22.90,2061,14,10,8,13,61.50,5,25,11,14,29,43,64,0,40,38,51.30,1362,1142,83.80,33078.00,1720100.00,57.58
"Lucas Martinez Quarta",ARG,DF,-,Fiorentina,27,1996,25.50,2295,75,47,36,54,66.70,18,38,14,24,30,105,69,4,49,55,47.10,1668,1362,81.70,38031.00,1977600.00,57.58
"Malick Thiaw",GER,DF,-,Milan,21,2001,18.00,1620,34,17,12,25,48.00,13,23,13,10,13,47,55,0,37,21,63.80,1184,1084,91.60,20402.00,1060900.00,57.21
"Manuel Lazzari",ITA,DF,-,Lazio,29,1993,18.60,1674,26,18,18,28,64.30,10,20,4,16,12,38,37,1,5,16,23.80,975,826,84.70,62394.00,3244500.00,52.82
"Marcus Pedersen",NOR,DF,-,Sassuolo,23,2000,17.90,1611,36,24,21,25,84.00,4,19,5,14,10,46,51,0,9,18,33.30,735,563,76.60,6141.00,319300.00,43.82
"Marin Pongracic",CRO,DF,-,Lecce,25,1997,35.80,3222,43,30,19,25,76.00,6,37,26,11,51,94,130,1,59,38,60.80,1872,1583,84.60,49519.00,2575000.00,45.05
"Mario Gila",ESP,DF,-,Lazio,22,2000,20.10,1809,32,14,19,34,55.90,15,27,14,13,20,52,69,0,29,43,40.30,1294,1161,89.70,25353.00,1318400.00,52.82
"Mario Rui",POR,DF,-,Napoli,32,1991,13.40,1206,27,15,14,21,66.70,7,17,2,15,15,42,19,0,10,27,27.00,1068,860,80.50,65959.00,3429900.00,61.24
"Marten de Roon",NED,MF,DF,Atalanta,32,1991,28.90,2601,80,43,35,82,42.70,47,36,10,26,40,120,54,0,35,27,56.50,1712,1446,84.50,36644.00,1905500.00,51.11
"Martin Erlic",CRO,DF,-,Sassuolo,25,1998,29.10,2619,37,22,20,30,66.70,10,31,16,15,28,65,128,1,55,48,53.40,1214,972,80.10,5547.00,288400.00,43.82
"Mathias Olivera",URU,DF,-,Napoli,25,1997,17.40,1566,50,29,23,39,59.00,16,35,6,29,20,70,25,0,37,30,55.20,1175,1024,87.10,38031.00,1977600.00,61.24
"Matteo Darmian",ITA,DF,-,Inter,33,1989,26.70,2403,48,22,20,53,37.70,33,27,11,16,13,61,55,0,20,17,54.10,1389,1181,85.00,63583.00,3306300.00,57.11
"Matteo Gabbia",ITA,DF,-,Milan,23,1999,14.20,1278,29,20,18,24,75.00,6,11,6,5,10,39,48,0,35,18,66.00,902,815,90.40,29316.00,1524400.00,57.21
"Matteo Lovato",ITA,DF,-,"Torino | Salernitana",23,2000,16.50,1485,37,21,20,29,69.00,9,23,12,11,31,68,51,1,26,27,49.10,672,566,84.20,18422.00,957900.00,47.18
"Matteo Ruggeri",ITA,DF,-,Atalanta,21,2002,27.20,2448,29,15,16,30,53.30,14,46,4,42,23,52,44,0,49,36,57.60,1562,1250,80.00,18422.00,957900.00,51.11
"Mattia Bani",ITA,DF,-,Genoa,29,1993,25.60,2304,26,10,11,22,50.00,11,51,31,20,22,48,116,1,49,42,53.80,1152,962,83.50,25750.00,1339000.00,44.13
"Mergim Vojvoda",KVX,DF,-,Torino,28,1995,15.30,1377,17,8,11,16,68.80,5,12,2,10,13,30,28,0,5,10,33.30,964,762,79.00,17827.00,927000.00,51.97
"Michael Kayode",ITA,DF,-,Fiorentina,19,2004,22.90,2061,53,30,35,48,72.90,13,25,12,13,18,71,46,2,17,18,48.60,1297,1056,81.40,36644.00,1905500.00,57.58
"Nadir Zortea",ITA,DF,-,"Frosinone | Atalanta",24,1999,15.70,1413,26,18,11,26,42.30,15,15,5,10,5,31,32,1,11,23,32.40,664,487,73.30,6536.00,339900.00,49.68
"Nahitan Nandez",URU,MF,DF,Cagliari,27,1995,26.00,2340,59,40,27,64,42.20,37,25,2,23,19,78,32,0,37,46,44.60,916,544,59.40,40606.00,2111500.00,42.05
"Nehuen Perez",ARG,DF,-,Udinese,23,2000,36.00,3240,72,48,39,48,81.30,9,53,26,27,45,117,158,1,81,44,64.80,1599,1267,79.20,16441.00,854900.00,39
"Nicolo Casale",ITA,DF,-,Lazio,25,1998,17.30,1557,15,9,6,15,40.00,9,19,16,3,12,27,61,0,23,24,48.90,1024,940,91.80,36644.00,1905500.00,52.82
"Nikola Milenkovic",SRB,DF,-,Fiorentina,25,1997,27.90,2511,41,21,22,36,61.10,14,22,14,8,27,68,95,1,111,28,79.90,1584,1341,84.70,110131.00,5726800.00,57.58
"Norbert Gyomber",SVK,DF,-,Salernitana,31,1992,19.60,1764,36,18,20,26,76.90,6,33,23,10,23,59,77,2,31,28,52.50,750,630,84.00,25750.00,1339000.00,44.45
"Obite N'Dicka",CIV,DF,-,Roma,23,1999,24.10,2169,32,18,12,20,60.00,8,30,16,14,16,48,75,0,38,27,58.50,1587,1437,90.50,101614.00,5283900.00,54.84
"Pablo Mari",ESP,DF,-,Monza,29,1993,29.10,2619,41,25,22,34,64.70,12,40,25,15,37,78,115,1,41,20,67.20,1737,1581,91.00,40606.00,2111500.00,53.39
"Pasquale Mazzocchi",ITA,DF,-,"Salernitana | Napoli",28,1995,18.90,1701,30,21,18,32,56.30,14,19,7,12,6,36,44,0,18,33,35.30,911,685,75.20,42586.00,2214500.00,44.45
Patric,ESP,DF,-,Lazio,30,1993,17.90,1611,13,8,8,18,44.40,10,15,9,6,6,19,44,0,9,17,34.60,1199,1051,87.70,43973.00,2286600.00,52.82
"Patrick Ciurria",ITA,DF,MF,Monza,28,1995,17.80,1602,30,18,13,21,61.90,8,20,5,15,9,39,28,0,7,9,43.80,847,662,78.20,29316.00,1524400.00,53.39
"Patrick Dorgu",DEN,DF,MF,Lecce,18,2004,17.40,1566,43,22,22,34,64.70,12,16,5,11,9,52,45,2,27,25,51.90,729,582,79.80,4358.00,226600.00,45.05
"Pawel Dawidowicz",POL,DF,-,"Hellas Verona",28,1995,23.80,2142,53,30,17,29,58.60,12,17,9,8,24,77,114,1,67,30,69.10,1173,972,82.90,7527.00,391400.00,44.21
"Pol Lirola",ESP,DF,-,Frosinone,25,1997,17.10,1539,30,18,17,35,48.60,18,12,1,11,19,49,41,1,14,19,42.40,722,556,77.00,19808.00,1030000.00,49.68
"Radu Dragusin",ROU,DF,-,Genoa,21,2002,19.00,1710,16,11,8,9,88.90,1,18,12,6,21,37,87,3,58,25,69.90,721,592,82.10,18422.00,957900.00,44.13
"Raoul Bellanova",ITA,DF,-,Torino,23,2000,33.80,3042,36,26,18,31,58.10,13,21,4,17,15,51,36,3,30,32,48.40,1579,1232,78.00,43973.00,2286600.00,51.97
"Rasmus Kristensen",DEN,DF,-,Roma,26,1997,19.40,1746,36,19,28,50,56.00,22,27,7,20,8,44,50,0,30,21,58.80,1037,799,77.00,50708.00,2636800.00,54.84
"Ricardo Rodriguez",SUI,DF,-,Torino,30,1992,30.80,2772,45,26,28,45,62.20,17,22,9,13,24,69,64,2,41,29,58.60,1677,1401,83.50,55066.00,2863400.00,51.97
"Riccardo Calafiori",ITA,DF,-,Bologna,21,2002,26.10,2349,47,32,22,32,68.80,10,38,13,25,50,97,74,3,60,24,71.40,1810,1622,89.60,14658.00,762200.00,57.87
"Riccardo Marchizza",ITA,DF,-,Frosinone,25,1998,12.80,1152,7,6,3,13,23.10,10,10,2,8,7,14,33,0,9,12,42.90,558,423,75.80,25750.00,1339000.00,49.68
"Rick Karsdorp",NED,DF,-,Roma,28,1995,13.20,1188,25,18,16,24,66.70,8,13,4,9,9,34,16,0,5,2,71.40,684,544,79.50,80617.00,4192100.00,54.84
"Roberto Gagliardini",ITA,MF,DF,Monza,29,1994,26.20,2358,61,30,31,50,62.00,19,30,11,19,31,92,38,0,46,36,56.10,1487,1339,90.00,55066.00,2863400.00,53.39
Ruan,BRA,DF,-,Sassuolo,24,1999,16.80,1512,25,15,10,18,55.60,8,18,15,3,24,49,68,2,34,27,55.70,698,593,85.00,9706.00,504700.00,43.82
"Sam Beukema",NED,DF,-,Bologna,24,1998,28.30,2547,27,11,16,25,64.00,9,35,21,14,15,42,99,2,46,36,56.10,2055,1842,89.60,17827.00,927000.00,57.87
"Samuele Birindelli",ITA,DF,-,Monza,24,1999,22.40,2016,28,19,14,25,56.00,11,30,11,19,18,46,48,0,8,6,57.10,1104,902,81.70,16441.00,854900.00,53.39
"Sead Kolasinac",BIH,DF,-,Atalanta,30,1993,24.20,2178,44,32,30,49,61.20,19,22,9,13,21,65,47,0,34,32,51.50,1278,1077,84.30,50708.00,2636800.00,51.11
"Sebastian Walukiewicz",POL,DF,-,Empoli,23,2000,22.80,2052,39,28,28,41,68.30,13,50,31,19,15,54,121,0,39,49,44.30,1018,842,82.70,7527.00,391400.00,44
"Sebastiano Luperto",ITA,DF,-,Empoli,26,1996,37.80,3402,37,26,15,24,62.50,9,46,35,11,32,69,157,1,77,58,57.00,1785,1455,81.50,36644.00,1905500.00,44
"Simon Kjar",DEN,DF,-,Milan,34,1989,13.00,1170,24,15,14,22,63.60,8,22,16,6,14,38,46,2,23,17,57.50,833,735,88.20,38031.00,1977600.00,57.21
"Simone Romagnoli",ITA,DF,-,Frosinone,33,1990,30.20,2718,35,15,15,20,75.00,5,51,36,15,29,64,147,0,97,78,55.40,1421,1221,85.90,18422.00,957900.00,49.68
"Stefan de Vrij",NED,DF,-,Inter,31,1992,17.60,1584,18,13,8,15,53.30,7,22,10,12,24,42,51,0,46,25,64.80,1010,932,92.30,139447.00,7251200.00,57.11
"Stefan Posch",AUT,DF,-,Bologna,26,1997,26.80,2412,77,46,49,88,55.70,39,27,8,19,18,95,72,0,34,29,54.00,2082,1712,82.20,19808.00,1030000.00,57.87
"Stefano Sabelli",ITA,DF,-,Genoa,30,1993,27.00,2430,50,24,15,46,32.60,31,27,6,21,23,73,35,0,16,22,42.10,977,611,62.50,9903.00,515000.00,44.13
"Stephan El Shaarawy",ITA,FW,DF,Roma,30,1992,19.30,1737,21,13,6,15,40.00,9,11,4,7,13,34,15,2,9,15,37.50,662,545,82.30,91709.00,4768900.00,54.84
"Theo Hernandez",FRA,DF,-,Milan,25,1997,31.00,2790,30,17,11,22,50.00,11,33,13,20,23,53,42,1,29,18,61.70,1994,1717,86.10,101614.00,5283900.00,57.21
"Thomas Kristensen",DEN,DF,-,Udinese,21,2002,23.30,2097,35,24,21,33,63.60,12,29,20,9,29,64,118,0,58,40,59.20,863,662,76.70,6339.00,329600.00,39
"Timothy Weah",USA,DF,FW,Juventus,23,2000,14.00,1260,27,20,15,20,75.00,5,12,1,11,5,32,15,0,10,13,43.50,597,476,79.70,50708.00,2636800.00,48.47
"Tommaso Augello",ITA,DF,-,Cagliari,28,1994,26.90,2421,26,19,16,25,64.00,9,21,10,11,17,43,89,0,34,28,54.80,1329,919,69.10,18422.00,957900.00,42.05
"Valentin Gendrey",FRA,DF,-,Lecce,23,2000,33.80,3042,55,33,30,46,65.20,16,40,11,29,35,90,99,0,53,39,57.60,1380,1031,74.70,12677.00,659200.00,45.05
"Valentino Lazaro",AUT,DF,MF,Torino,27,1996,22.20,1998,18,11,13,19,68.40,6,14,1,13,8,26,29,0,14,20,41.20,1106,839,75.90,38031.00,1977600.00,51.97
"Victor Bernth Kristiansen",DEN,DF,-,Bologna,20,2002,25.60,2304,52,34,20,35,57.10,15,35,8,27,12,64,45,1,24,19,55.80,1688,1422,84.20,29711.00,1545000.00,57.87
"Weston McKennie",USA,MF,DF,Juventus,24,1998,28.80,2592,48,29,17,27,63.00,10,28,7,21,18,66,69,0,37,34,52.10,1172,898,76.60,63583.00,3306300.00,48.47
"Yerry Mina",COL,DF,MF,"Fiorentina | Cagliari",28,1994,14.00,1260,21,14,14,21,66.70,7,23,14,9,4,25,79,0,36,14,72.00,579,463,80.00,38031.00,1977600.00,42.05
